-- phpMyAdmin SQL Dump
-- version 4.8.3
-- https://www.phpmyadmin.net/
--
-- Хост: 127.0.0.1
-- Время создания: Ноя 21 2018 г., 18:27
-- Версия сервера: 10.1.35-MariaDB
-- Версия PHP: 7.2.9

SET SQL_MODE = "NO_AUTO_VALUE_ON_ZERO";
SET AUTOCOMMIT = 0;
START TRANSACTION;
SET time_zone = "+00:00";


/*!40101 SET @OLD_CHARACTER_SET_CLIENT=@@CHARACTER_SET_CLIENT */;
/*!40101 SET @OLD_CHARACTER_SET_RESULTS=@@CHARACTER_SET_RESULTS */;
/*!40101 SET @OLD_COLLATION_CONNECTION=@@COLLATION_CONNECTION */;
/*!40101 SET NAMES utf8mb4 */;

--
-- База данных: `couriers`
--

-- --------------------------------------------------------

--
-- Структура таблицы `couriers`
--

CREATE TABLE `couriers` (
  `courier_id` int(10) UNSIGNED NOT NULL,
  `name` varchar(30) NOT NULL
) ENGINE=InnoDB DEFAULT CHARSET=utf8;

--
-- Дамп данных таблицы `couriers`
--

INSERT INTO `couriers` (`courier_id`, `name`) VALUES
(1, 'Капаев Д.'),
(2, 'Зимин П.'),
(3, 'Калинин Д.'),
(4, 'Савельев П.'),
(5, 'Тутаев Г.'),
(6, 'Сидоров А.'),
(7, 'Фаст К.'),
(8, 'Сухов А.'),
(9, 'Уленков Н.'),
(10, 'Прусикин Е.'),
(11, 'Смирнов С.'),
(12, 'Просин С.');

-- --------------------------------------------------------

--
-- Структура таблицы `regions`
--

CREATE TABLE `regions` (
  `region_id` int(10) UNSIGNED NOT NULL,
  `name` varchar(30) NOT NULL,
  `route_time` smallint(6) NOT NULL
) ENGINE=InnoDB DEFAULT CHARSET=utf8;

--
-- Дамп данных таблицы `regions`
--

INSERT INTO `regions` (`region_id`, `name`, `route_time`) VALUES
(1, 'Санкт-Петербург', 2),
(2, 'Уфа', 3),
(3, 'Нижний Новгород', 2),
(4, 'Владимир', 1),
(5, 'Кострома', 2),
(6, 'Екатеринбург', 4),
(7, 'Ковров', 1),
(8, 'Воронеж', 2),
(9, 'Самара', 3),
(10, 'Астрахань', 3);

-- --------------------------------------------------------

--
-- Структура таблицы `trips`
--

CREATE TABLE `trips` (
  `id` int(10) UNSIGNED NOT NULL,
  `date` date NOT NULL,
  `region_id` int(10) UNSIGNED NOT NULL,
  `courier_id` int(10) UNSIGNED NOT NULL
) ENGINE=InnoDB DEFAULT CHARSET=utf8;

--
-- Дамп данных таблицы `trips`
--

INSERT INTO `trips` (`id`, `date`, `region_id`, `courier_id`) VALUES
(3, '2018-11-19', 2, 1),
(4, '2018-11-20', 5, 3),
(6, '2018-11-21', 1, 6),
(7, '2018-11-22', 7, 5),
(8, '2018-11-21', 6, 11),
(9, '2018-11-21', 1, 2),
(10, '2018-11-21', 1, 7),
(17, '2018-11-25', 1, 2),
(23, '2018-06-01', 6, 1),
(24, '2018-06-05', 6, 1),
(25, '2018-06-09', 1, 1),
(26, '2018-06-13', 3, 1),
(27, '2018-06-17', 4, 1),
(28, '2018-06-21', 1, 1),
(29, '2018-06-25', 1, 1),
(30, '2018-06-29', 8, 1),
(31, '2018-07-03', 2, 1),
(32, '2018-07-07', 9, 1),
(33, '2018-07-11', 2, 1),
(34, '2018-07-15', 4, 1),
(35, '2018-07-19', 4, 1),
(36, '2018-07-23', 3, 1),
(37, '2018-07-27', 4, 1),
(38, '2018-07-31', 8, 1),
(39, '2018-08-04', 5, 1),
(40, '2018-08-08', 8, 1),
(41, '2018-08-12', 8, 1),
(42, '2018-08-16', 6, 1),
(43, '2018-08-20', 10, 1),
(44, '2018-08-24', 3, 1),
(45, '2018-08-28', 2, 1),
(46, '2018-09-01', 5, 1),
(47, '2018-09-05', 1, 1),
(48, '2018-09-09', 8, 1),
(49, '2018-09-13', 8, 1),
(50, '2018-09-17', 7, 1),
(51, '2018-09-21', 4, 1),
(52, '2018-09-25', 3, 1),
(53, '2018-09-29', 10, 1),
(54, '2018-10-03', 7, 1),
(55, '2018-10-07', 4, 1),
(56, '2018-10-11', 6, 1),
(57, '2018-10-15', 5, 1),
(58, '2018-10-19', 3, 1),
(59, '2018-10-23', 5, 1),
(60, '2018-10-27', 3, 1),
(61, '2018-10-30', 4, 1),
(62, '2018-11-03', 9, 1),
(63, '2018-11-07', 10, 1),
(64, '2018-11-11', 1, 1),
(65, '2018-06-02', 4, 2),
(66, '2018-06-06', 6, 2),
(67, '2018-06-10', 3, 2),
(68, '2018-06-14', 1, 2),
(69, '2018-06-18', 4, 2),
(70, '2018-06-22', 8, 2),
(71, '2018-06-26', 2, 2),
(72, '2018-06-30', 4, 2),
(73, '2018-07-04', 10, 2),
(74, '2018-07-08', 7, 2),
(75, '2018-07-12', 2, 2),
(76, '2018-07-16', 9, 2),
(77, '2018-07-20', 3, 2),
(78, '2018-07-24', 10, 2),
(79, '2018-07-28', 8, 2),
(80, '2018-08-01', 4, 2),
(81, '2018-08-05', 7, 2),
(82, '2018-08-09', 10, 2),
(83, '2018-08-13', 3, 2),
(84, '2018-08-17', 10, 2),
(85, '2018-08-21', 3, 2),
(86, '2018-08-25', 8, 2),
(87, '2018-08-29', 2, 2),
(88, '2018-09-02', 9, 2),
(89, '2018-09-06', 1, 2),
(90, '2018-09-10', 6, 2),
(91, '2018-09-14', 8, 2),
(92, '2018-09-18', 1, 2),
(93, '2018-09-22', 9, 2),
(94, '2018-09-26', 6, 2),
(95, '2018-09-30', 9, 2),
(96, '2018-10-04', 4, 2),
(97, '2018-10-08', 5, 2),
(98, '2018-10-12', 6, 2),
(99, '2018-10-16', 10, 2),
(100, '2018-10-20', 10, 2),
(101, '2018-10-24', 7, 2),
(102, '2018-10-28', 8, 2),
(103, '2018-10-31', 9, 2),
(104, '2018-11-04', 3, 2),
(105, '2018-11-08', 3, 2),
(106, '2018-11-12', 1, 2),
(107, '2018-06-03', 2, 3),
(108, '2018-06-07', 5, 3),
(109, '2018-06-11', 8, 3),
(110, '2018-06-15', 5, 3),
(111, '2018-06-19', 4, 3),
(112, '2018-06-23', 9, 3),
(113, '2018-06-27', 1, 3),
(114, '2018-07-01', 2, 3),
(115, '2018-07-05', 6, 3),
(116, '2018-07-09', 8, 3),
(117, '2018-07-13', 6, 3),
(118, '2018-07-17', 9, 3),
(119, '2018-07-21', 7, 3),
(120, '2018-07-25', 3, 3),
(121, '2018-07-29', 7, 3),
(122, '2018-08-02', 7, 3),
(123, '2018-08-06', 9, 3),
(124, '2018-08-10', 7, 3),
(125, '2018-08-14', 4, 3),
(126, '2018-08-18', 2, 3),
(127, '2018-08-22', 4, 3),
(128, '2018-08-26', 6, 3),
(129, '2018-08-30', 5, 3),
(130, '2018-09-03', 9, 3),
(131, '2018-09-07', 8, 3),
(132, '2018-09-11', 4, 3),
(133, '2018-09-15', 1, 3),
(134, '2018-09-19', 4, 3),
(135, '2018-09-23', 5, 3),
(136, '2018-09-27', 10, 3),
(137, '2018-10-01', 6, 3),
(138, '2018-10-05', 6, 3),
(139, '2018-10-09', 8, 3),
(140, '2018-10-13', 5, 3),
(141, '2018-10-17', 7, 3),
(142, '2018-10-21', 1, 3),
(143, '2018-10-25', 10, 3),
(144, '2018-10-28', 1, 3),
(145, '2018-11-01', 4, 3),
(146, '2018-11-05', 3, 3),
(147, '2018-11-09', 4, 3),
(148, '2018-11-13', 8, 3),
(149, '2018-06-04', 4, 4),
(150, '2018-06-08', 4, 4),
(151, '2018-06-12', 3, 4),
(152, '2018-06-16', 4, 4),
(153, '2018-06-20', 4, 4),
(154, '2018-06-24', 6, 4),
(155, '2018-06-28', 2, 4),
(156, '2018-07-02', 10, 4),
(157, '2018-07-06', 5, 4),
(158, '2018-07-10', 5, 4),
(159, '2018-07-14', 9, 4),
(160, '2018-07-18', 10, 4),
(161, '2018-07-22', 2, 4),
(162, '2018-07-26', 5, 4),
(163, '2018-07-30', 5, 4),
(164, '2018-08-03', 5, 4),
(165, '2018-08-07', 7, 4),
(166, '2018-08-11', 7, 4),
(167, '2018-08-15', 4, 4),
(168, '2018-08-19', 4, 4),
(169, '2018-08-23', 10, 4),
(170, '2018-08-27', 1, 4),
(171, '2018-08-31', 7, 4),
(172, '2018-09-04', 7, 4),
(173, '2018-09-08', 6, 4),
(174, '2018-09-12', 5, 4),
(175, '2018-09-16', 5, 4),
(176, '2018-09-20', 1, 4),
(177, '2018-09-24', 3, 4),
(178, '2018-09-28', 7, 4),
(179, '2018-10-02', 8, 4),
(180, '2018-10-06', 6, 4),
(181, '2018-10-10', 1, 4),
(182, '2018-10-14', 10, 4),
(183, '2018-10-18', 7, 4),
(184, '2018-10-22', 2, 4),
(185, '2018-10-26', 5, 4),
(186, '2018-10-29', 4, 4),
(187, '2018-11-02', 3, 4),
(188, '2018-11-06', 7, 4),
(189, '2018-11-10', 3, 4),
(190, '2018-11-14', 8, 4),
(191, '2018-06-05', 9, 5),
(192, '2018-06-09', 3, 5),
(193, '2018-06-13', 2, 5),
(194, '2018-06-17', 1, 5),
(195, '2018-06-21', 9, 5),
(196, '2018-06-25', 1, 5),
(197, '2018-06-29', 7, 5),
(198, '2018-07-03', 8, 5),
(199, '2018-07-07', 3, 5),
(200, '2018-07-11', 9, 5),
(201, '2018-07-15', 9, 5),
(202, '2018-07-19', 6, 5),
(203, '2018-07-23', 6, 5),
(204, '2018-07-27', 1, 5),
(205, '2018-07-31', 10, 5),
(206, '2018-08-04', 9, 5),
(207, '2018-08-08', 7, 5),
(208, '2018-08-12', 10, 5),
(209, '2018-08-16', 8, 5),
(210, '2018-08-20', 8, 5),
(211, '2018-08-24', 1, 5),
(212, '2018-08-28', 1, 5),
(213, '2018-09-01', 4, 5),
(214, '2018-09-05', 3, 5),
(215, '2018-09-09', 1, 5),
(216, '2018-09-13', 9, 5),
(217, '2018-09-17', 7, 5),
(218, '2018-09-21', 5, 5),
(219, '2018-09-25', 10, 5),
(220, '2018-09-29', 5, 5),
(221, '2018-10-03', 9, 5),
(222, '2018-10-07', 3, 5),
(223, '2018-10-11', 6, 5),
(224, '2018-10-15', 5, 5),
(225, '2018-10-19', 9, 5),
(226, '2018-10-23', 4, 5),
(227, '2018-10-27', 4, 5),
(228, '2018-10-30', 2, 5),
(229, '2018-11-03', 7, 5),
(230, '2018-11-07', 1, 5),
(231, '2018-11-11', 7, 5),
(232, '2018-06-06', 6, 6),
(233, '2018-06-10', 7, 6),
(234, '2018-06-14', 5, 6),
(235, '2018-06-18', 5, 6),
(236, '2018-06-22', 3, 6),
(237, '2018-06-26', 9, 6),
(238, '2018-06-30', 4, 6),
(239, '2018-07-04', 4, 6),
(240, '2018-07-08', 1, 6),
(241, '2018-07-12', 5, 6),
(242, '2018-07-16', 3, 6),
(243, '2018-07-20', 5, 6),
(244, '2018-07-24', 2, 6),
(245, '2018-07-28', 2, 6),
(246, '2018-08-01', 8, 6),
(247, '2018-08-05', 6, 6),
(248, '2018-08-09', 6, 6),
(249, '2018-08-13', 6, 6),
(250, '2018-08-17', 3, 6),
(251, '2018-08-21', 7, 6),
(252, '2018-08-25', 9, 6),
(253, '2018-08-29', 4, 6),
(254, '2018-09-02', 1, 6),
(255, '2018-09-06', 7, 6),
(256, '2018-09-10', 10, 6),
(257, '2018-09-14', 10, 6),
(258, '2018-09-18', 3, 6),
(259, '2018-09-22', 4, 6),
(260, '2018-09-26', 2, 6),
(261, '2018-09-30', 10, 6),
(262, '2018-10-04', 3, 6),
(263, '2018-10-08', 1, 6),
(264, '2018-10-12', 4, 6),
(265, '2018-10-16', 6, 6),
(266, '2018-10-20', 2, 6),
(267, '2018-10-24', 7, 6),
(268, '2018-10-28', 9, 6),
(269, '2018-10-31', 3, 6),
(270, '2018-11-04', 8, 6),
(271, '2018-11-08', 7, 6),
(272, '2018-11-12', 3, 6),
(273, '2018-06-07', 4, 7),
(274, '2018-06-11', 7, 7),
(275, '2018-06-15', 8, 7),
(276, '2018-06-19', 7, 7),
(277, '2018-06-23', 8, 7),
(278, '2018-06-27', 1, 7),
(279, '2018-07-01', 2, 7),
(280, '2018-07-05', 3, 7),
(281, '2018-07-09', 7, 7),
(282, '2018-07-13', 4, 7),
(283, '2018-07-17', 9, 7),
(284, '2018-07-21', 4, 7),
(285, '2018-07-25', 5, 7),
(286, '2018-07-29', 1, 7),
(287, '2018-08-02', 7, 7),
(288, '2018-08-06', 4, 7),
(289, '2018-08-10', 6, 7),
(290, '2018-08-14', 7, 7),
(291, '2018-08-18', 7, 7),
(292, '2018-08-22', 8, 7),
(293, '2018-08-26', 10, 7),
(294, '2018-08-30', 9, 7),
(295, '2018-09-03', 9, 7),
(296, '2018-09-07', 5, 7),
(297, '2018-09-11', 4, 7),
(298, '2018-09-15', 2, 7),
(299, '2018-09-19', 1, 7),
(300, '2018-09-23', 7, 7),
(301, '2018-09-27', 9, 7),
(302, '2018-10-01', 2, 7),
(303, '2018-10-05', 5, 7),
(304, '2018-10-09', 9, 7),
(305, '2018-10-13', 3, 7),
(306, '2018-10-17', 9, 7),
(307, '2018-10-21', 9, 7),
(308, '2018-10-25', 6, 7),
(309, '2018-10-28', 2, 7),
(310, '2018-11-01', 5, 7),
(311, '2018-11-05', 3, 7),
(312, '2018-11-09', 7, 7),
(313, '2018-11-13', 2, 7),
(314, '2018-06-08', 3, 8),
(315, '2018-06-12', 6, 8),
(316, '2018-06-16', 5, 8),
(317, '2018-06-20', 7, 8),
(318, '2018-06-24', 3, 8),
(319, '2018-06-28', 4, 8),
(320, '2018-07-02', 6, 8),
(321, '2018-07-06', 4, 8),
(322, '2018-07-10', 1, 8),
(323, '2018-07-14', 9, 8),
(324, '2018-07-18', 8, 8),
(325, '2018-07-22', 5, 8),
(326, '2018-07-26', 8, 8),
(327, '2018-07-30', 8, 8),
(328, '2018-08-03', 5, 8),
(329, '2018-08-07', 7, 8),
(330, '2018-08-11', 3, 8),
(331, '2018-08-15', 4, 8),
(332, '2018-08-19', 3, 8),
(333, '2018-08-23', 9, 8),
(334, '2018-08-27', 5, 8),
(335, '2018-08-31', 1, 8),
(336, '2018-09-04', 7, 8),
(337, '2018-09-08', 8, 8),
(338, '2018-09-12', 1, 8),
(339, '2018-09-16', 4, 8),
(340, '2018-09-20', 1, 8),
(341, '2018-09-24', 5, 8),
(342, '2018-09-28', 5, 8),
(343, '2018-10-02', 5, 8),
(344, '2018-10-06', 9, 8),
(345, '2018-10-10', 7, 8),
(346, '2018-10-14', 9, 8),
(347, '2018-10-18', 7, 8),
(348, '2018-10-22', 2, 8),
(349, '2018-10-26', 7, 8),
(350, '2018-10-29', 1, 8),
(351, '2018-11-02', 5, 8),
(352, '2018-11-06', 9, 8),
(353, '2018-11-10', 4, 8),
(354, '2018-11-14', 8, 8),
(355, '2018-06-09', 4, 9),
(356, '2018-06-13', 10, 9),
(357, '2018-06-17', 3, 9),
(358, '2018-06-21', 10, 9),
(359, '2018-06-25', 10, 9),
(360, '2018-06-29', 6, 9),
(361, '2018-07-03', 8, 9),
(362, '2018-07-07', 2, 9),
(363, '2018-07-11', 5, 9),
(364, '2018-07-15', 3, 9),
(365, '2018-07-19', 8, 9),
(366, '2018-07-23', 2, 9),
(367, '2018-07-27', 8, 9),
(368, '2018-07-31', 5, 9),
(369, '2018-08-04', 9, 9),
(370, '2018-08-08', 10, 9),
(371, '2018-08-12', 2, 9),
(372, '2018-08-16', 3, 9),
(373, '2018-08-20', 2, 9),
(374, '2018-08-24', 3, 9),
(375, '2018-08-28', 1, 9),
(376, '2018-09-01', 2, 9),
(377, '2018-09-05', 8, 9),
(378, '2018-09-09', 2, 9),
(379, '2018-09-13', 1, 9),
(380, '2018-09-17', 4, 9),
(381, '2018-09-21', 6, 9),
(382, '2018-09-25', 1, 9),
(383, '2018-09-29', 6, 9),
(384, '2018-10-03', 8, 9),
(385, '2018-10-07', 6, 9),
(386, '2018-10-11', 4, 9),
(387, '2018-10-15', 9, 9),
(388, '2018-10-19', 1, 9),
(389, '2018-10-23', 5, 9),
(390, '2018-10-27', 7, 9),
(391, '2018-10-30', 10, 9),
(392, '2018-11-03', 5, 9),
(393, '2018-11-07', 6, 9),
(394, '2018-11-11', 8, 9),
(395, '2018-06-10', 9, 10),
(396, '2018-06-14', 5, 10),
(397, '2018-06-18', 10, 10),
(398, '2018-06-22', 4, 10),
(399, '2018-06-26', 4, 10),
(400, '2018-06-30', 7, 10),
(401, '2018-07-04', 3, 10),
(402, '2018-07-08', 1, 10),
(403, '2018-07-12', 4, 10),
(404, '2018-07-16', 6, 10),
(405, '2018-07-20', 5, 10),
(406, '2018-07-24', 4, 10),
(407, '2018-07-28', 2, 10),
(408, '2018-08-01', 2, 10),
(409, '2018-08-05', 9, 10),
(410, '2018-08-09', 4, 10),
(411, '2018-08-13', 4, 10),
(412, '2018-08-17', 4, 10),
(413, '2018-08-21', 10, 10),
(414, '2018-08-25', 9, 10),
(415, '2018-08-29', 3, 10),
(416, '2018-09-02', 9, 10),
(417, '2018-09-06', 7, 10),
(418, '2018-09-10', 9, 10),
(419, '2018-09-14', 9, 10),
(420, '2018-09-18', 6, 10),
(421, '2018-09-22', 7, 10),
(422, '2018-09-26', 8, 10),
(423, '2018-09-30', 10, 10),
(424, '2018-10-04', 6, 10),
(425, '2018-10-08', 3, 10),
(426, '2018-10-12', 8, 10),
(427, '2018-10-16', 5, 10),
(428, '2018-10-20', 4, 10),
(429, '2018-10-24', 9, 10),
(430, '2018-10-28', 10, 10),
(431, '2018-10-31', 2, 10),
(432, '2018-11-04', 4, 10),
(433, '2018-11-08', 10, 10),
(434, '2018-11-12', 6, 10),
(435, '2018-06-11', 7, 11),
(436, '2018-06-15', 2, 11),
(437, '2018-06-19', 6, 11),
(438, '2018-06-23', 4, 11),
(439, '2018-06-27', 8, 11),
(440, '2018-07-01', 9, 11),
(441, '2018-07-05', 7, 11),
(442, '2018-07-09', 8, 11),
(443, '2018-07-13', 4, 11),
(444, '2018-07-17', 4, 11),
(445, '2018-07-21', 7, 11),
(446, '2018-07-25', 8, 11),
(447, '2018-07-29', 8, 11),
(448, '2018-08-02', 5, 11),
(449, '2018-08-06', 6, 11),
(450, '2018-08-10', 3, 11),
(451, '2018-08-14', 3, 11),
(452, '2018-08-18', 6, 11),
(453, '2018-08-22', 5, 11),
(454, '2018-08-26', 3, 11),
(455, '2018-08-30', 9, 11),
(456, '2018-09-03', 7, 11),
(457, '2018-09-07', 2, 11),
(458, '2018-09-11', 3, 11),
(459, '2018-09-15', 5, 11),
(460, '2018-09-19', 1, 11),
(461, '2018-09-23', 10, 11),
(462, '2018-09-27', 1, 11),
(463, '2018-10-01', 9, 11),
(464, '2018-10-05', 3, 11),
(465, '2018-10-09', 3, 11),
(466, '2018-10-13', 8, 11),
(467, '2018-10-17', 6, 11),
(468, '2018-10-21', 7, 11),
(469, '2018-10-25', 10, 11),
(470, '2018-10-28', 4, 11),
(471, '2018-11-01', 6, 11),
(472, '2018-11-05', 10, 11),
(473, '2018-11-09', 2, 11),
(474, '2018-11-13', 4, 11),
(475, '2018-06-12', 1, 12),
(476, '2018-06-16', 10, 12),
(477, '2018-06-20', 6, 12),
(478, '2018-06-24', 10, 12),
(479, '2018-06-28', 2, 12),
(480, '2018-07-02', 6, 12),
(481, '2018-07-06', 6, 12),
(482, '2018-07-10', 1, 12),
(483, '2018-07-14', 9, 12),
(484, '2018-07-18', 10, 12),
(485, '2018-07-22', 10, 12),
(486, '2018-07-26', 7, 12),
(487, '2018-07-30', 4, 12),
(488, '2018-08-03', 9, 12),
(489, '2018-08-07', 5, 12),
(490, '2018-08-11', 7, 12),
(491, '2018-08-15', 4, 12),
(492, '2018-08-19', 6, 12),
(493, '2018-08-23', 5, 12),
(494, '2018-08-27', 2, 12),
(495, '2018-08-31', 6, 12),
(496, '2018-09-04', 5, 12),
(497, '2018-09-08', 10, 12),
(498, '2018-09-12', 5, 12),
(499, '2018-09-16', 2, 12),
(500, '2018-09-20', 10, 12),
(501, '2018-09-24', 5, 12),
(502, '2018-09-28', 6, 12),
(503, '2018-10-02', 4, 12),
(504, '2018-10-06', 4, 12),
(505, '2018-10-10', 2, 12),
(506, '2018-10-14', 2, 12),
(507, '2018-10-18', 8, 12),
(508, '2018-10-22', 6, 12),
(509, '2018-10-26', 2, 12),
(510, '2018-10-29', 10, 12),
(511, '2018-11-02', 7, 12),
(512, '2018-11-06', 2, 12),
(513, '2018-11-10', 10, 12),
(514, '2018-11-14', 8, 12);

--
-- Индексы сохранённых таблиц
--

--
-- Индексы таблицы `couriers`
--
ALTER TABLE `couriers`
  ADD PRIMARY KEY (`courier_id`);

--
-- Индексы таблицы `regions`
--
ALTER TABLE `regions`
  ADD PRIMARY KEY (`region_id`);

--
-- Индексы таблицы `trips`
--
ALTER TABLE `trips`
  ADD PRIMARY KEY (`id`),
  ADD KEY `region_id` (`region_id`),
  ADD KEY `courier_id` (`courier_id`);

--
-- AUTO_INCREMENT для сохранённых таблиц
--

--
-- AUTO_INCREMENT для таблицы `couriers`
--
ALTER TABLE `couriers`
  MODIFY `courier_id` int(10) UNSIGNED NOT NULL AUTO_INCREMENT, AUTO_INCREMENT=13;

--
-- AUTO_INCREMENT для таблицы `regions`
--
ALTER TABLE `regions`
  MODIFY `region_id` int(10) UNSIGNED NOT NULL AUTO_INCREMENT, AUTO_INCREMENT=11;

--
-- AUTO_INCREMENT для таблицы `trips`
--
ALTER TABLE `trips`
  MODIFY `id` int(10) UNSIGNED NOT NULL AUTO_INCREMENT, AUTO_INCREMENT=519;

--
-- Ограничения внешнего ключа сохраненных таблиц
--

--
-- Ограничения внешнего ключа таблицы `trips`
--
ALTER TABLE `trips`
  ADD CONSTRAINT `trips_ibfk_1` FOREIGN KEY (`region_id`) REFERENCES `regions` (`region_id`),
  ADD CONSTRAINT `trips_ibfk_2` FOREIGN KEY (`courier_id`) REFERENCES `couriers` (`courier_id`);
COMMIT;

/*!40101 SET CHARACTER_SET_CLIENT=@OLD_CHARACTER_SET_CLIENT */;
/*!40101 SET CHARACTER_SET_RESULTS=@OLD_CHARACTER_SET_RESULTS */;
/*!40101 SET COLLATION_CONNECTION=@OLD_COLLATION_CONNECTION */;
